{
  "header_types" : [
    {
      "name" : "scalars_0",
      "id" : 0,
      "fields" : [
        ["metadata._paxos_metadata_round0", 16, false],
        ["metadata._paxos_metadata_set_drop1", 1, false],
        ["metadata._paxos_metadata_ack_count2", 8, false],
        ["metadata._paxos_metadata_ack_acceptors3", 8, false],
        ["_padding_0", 7, false]
      ]
    },
    {
      "name" : "standard_metadata",
      "id" : 1,
      "fields" : [
        ["ingress_port", 9, false],
        ["egress_spec", 9, false],
        ["egress_port", 9, false],
        ["clone_spec", 32, false],
        ["instance_type", 32, false],
        ["drop", 1, false],
        ["recirculate_port", 16, false],
        ["packet_length", 32, false],
        ["enq_timestamp", 32, false],
        ["enq_qdepth", 19, false],
        ["deq_timedelta", 32, false],
        ["deq_qdepth", 19, false],
        ["ingress_global_timestamp", 48, false],
        ["egress_global_timestamp", 48, false],
        ["lf_field_list", 32, false],
        ["mcast_grp", 16, false],
        ["resubmit_flag", 32, false],
        ["egress_rid", 16, false],
        ["checksum_error", 1, false],
        ["recirculate_flag", 32, false],
        ["parser_error", 32, false],
        ["_padding", 5, false]
      ]
    },
    {
      "name" : "ethernet_t",
      "id" : 2,
      "fields" : [
        ["dstAddr", 48, false],
        ["srcAddr", 48, false],
        ["etherType", 16, false]
      ]
    },
    {
      "name" : "ipv4_t",
      "id" : 3,
      "fields" : [
        ["version", 4, false],
        ["ihl", 4, false],
        ["diffserv", 8, false],
        ["totalLen", 16, false],
        ["identification", 16, false],
        ["flags", 3, false],
        ["fragOffset", 13, false],
        ["ttl", 8, false],
        ["protocol", 8, false],
        ["hdrChecksum", 16, false],
        ["srcAddr", 32, false],
        ["dstAddr", 32, false]
      ]
    },
    {
      "name" : "udp_t",
      "id" : 4,
      "fields" : [
        ["srcPort", 16, false],
        ["dstPort", 16, false],
        ["length_", 16, false],
        ["checksum", 16, false]
      ]
    },
    {
      "name" : "paxos_t",
      "id" : 5,
      "fields" : [
        ["msgtype", 16, false],
        ["inst", 32, false],
        ["rnd", 16, false],
        ["vrnd", 16, false],
        ["acptid", 32, false],
        ["paxoslen", 256, false],
        ["paxosval", 65536, false]
      ]
    }
  ],
  "headers" : [
    {
      "name" : "scalars",
      "id" : 0,
      "header_type" : "scalars_0",
      "metadata" : true,
      "pi_omit" : true
    },
    {
      "name" : "standard_metadata",
      "id" : 1,
      "header_type" : "standard_metadata",
      "metadata" : true,
      "pi_omit" : true
    },
    {
      "name" : "ethernet",
      "id" : 2,
      "header_type" : "ethernet_t",
      "metadata" : false,
      "pi_omit" : true
    },
    {
      "name" : "ipv4",
      "id" : 3,
      "header_type" : "ipv4_t",
      "metadata" : false,
      "pi_omit" : true
    },
    {
      "name" : "udp",
      "id" : 4,
      "header_type" : "udp_t",
      "metadata" : false,
      "pi_omit" : true
    },
    {
      "name" : "paxos",
      "id" : 5,
      "header_type" : "paxos_t",
      "metadata" : false,
      "pi_omit" : true
    }
  ],
  "header_stacks" : [],
  "header_union_types" : [],
  "header_unions" : [],
  "header_union_stacks" : [],
  "field_lists" : [],
  "errors" : [
    ["NoError", 1],
    ["PacketTooShort", 2],
    ["NoMatch", 3],
    ["StackOutOfBounds", 4],
    ["HeaderTooShort", 5],
    ["ParserTimeout", 6]
  ],
  "enums" : [],
  "parsers" : [
    {
      "name" : "parser",
      "id" : 0,
      "init_state" : "start",
      "parse_states" : [
        {
          "name" : "start",
          "id" : 0,
          "parser_ops" : [
            {
              "parameters" : [
                {
                  "type" : "regular",
                  "value" : "ethernet"
                }
              ],
              "op" : "extract"
            }
          ],
          "transitions" : [
            {
              "type" : "hexstr",
              "value" : "0x0800",
              "mask" : null,
              "next_state" : "parse_ipv4"
            }
          ],
          "transition_key" : [
            {
              "type" : "field",
              "value" : ["ethernet", "etherType"]
            }
          ]
        },
        {
          "name" : "parse_ipv4",
          "id" : 1,
          "parser_ops" : [
            {
              "parameters" : [
                {
                  "type" : "regular",
                  "value" : "ipv4"
                }
              ],
              "op" : "extract"
            }
          ],
          "transitions" : [
            {
              "type" : "hexstr",
              "value" : "0x11",
              "mask" : null,
              "next_state" : "parse_udp"
            },
            {
              "value" : "default",
              "mask" : null,
              "next_state" : null
            }
          ],
          "transition_key" : [
            {
              "type" : "field",
              "value" : ["ipv4", "protocol"]
            }
          ]
        },
        {
          "name" : "parse_udp",
          "id" : 2,
          "parser_ops" : [
            {
              "parameters" : [
                {
                  "type" : "regular",
                  "value" : "udp"
                }
              ],
              "op" : "extract"
            }
          ],
          "transitions" : [
            {
              "type" : "hexstr",
              "value" : "0x8888",
              "mask" : null,
              "next_state" : "parse_paxos"
            },
            {
              "value" : "default",
              "mask" : null,
              "next_state" : null
            }
          ],
          "transition_key" : [
            {
              "type" : "field",
              "value" : ["udp", "dstPort"]
            }
          ]
        },
        {
          "name" : "parse_paxos",
          "id" : 3,
          "parser_ops" : [
            {
              "parameters" : [
                {
                  "type" : "regular",
                  "value" : "paxos"
                }
              ],
              "op" : "extract"
            }
          ],
          "transitions" : [
            {
              "value" : "default",
              "mask" : null,
              "next_state" : null
            }
          ],
          "transition_key" : []
        }
      ]
    }
  ],
  "parse_vsets" : [],
  "deparsers" : [
    {
      "name" : "deparser",
      "id" : 0,
      "source_info" : {
        "filename" : "/home/apoorv/p4rl_tarantula/RL_for_P4/P4/p4xos-public/p4-16/p4src/leader.p4",
        "line" : 135,
        "column" : 8,
        "source_fragment" : "TopDeparser"
      },
      "order" : ["ethernet", "ipv4", "udp", "paxos"]
    }
  ],
  "meter_arrays" : [],
  "counter_arrays" : [],
  "register_arrays" : [
    {
      "name" : "ingress.registerInstance",
      "id" : 0,
      "source_info" : {
        "filename" : "/home/apoorv/p4rl_tarantula/RL_for_P4/P4/p4xos-public/p4-16/p4src/leader.p4",
        "line" : 184,
        "column" : 25,
        "source_fragment" : "registerInstance"
      },
      "size" : 1,
      "bitwidth" : 32
    }
  ],
  "calculations" : [
    {
      "name" : "calc",
      "id" : 0,
      "source_info" : {
        "filename" : "/home/apoorv/p4rl_tarantula/RL_for_P4/P4/p4xos-public/p4-16/p4src/leader.p4",
        "line" : 163,
        "column" : 8,
        "source_fragment" : "update_checksum(true, ..."
      },
      "algo" : "csum16",
      "input" : [
        {
          "type" : "field",
          "value" : ["ipv4", "version"]
        },
        {
          "type" : "field",
          "value" : ["ipv4", "ihl"]
        },
        {
          "type" : "field",
          "value" : ["ipv4", "diffserv"]
        },
        {
          "type" : "field",
          "value" : ["ipv4", "totalLen"]
        },
        {
          "type" : "field",
          "value" : ["ipv4", "identification"]
        },
        {
          "type" : "field",
          "value" : ["ipv4", "flags"]
        },
        {
          "type" : "field",
          "value" : ["ipv4", "fragOffset"]
        },
        {
          "type" : "field",
          "value" : ["ipv4", "ttl"]
        },
        {
          "type" : "field",
          "value" : ["ipv4", "protocol"]
        },
        {
          "type" : "field",
          "value" : ["ipv4", "srcAddr"]
        },
        {
          "type" : "field",
          "value" : ["ipv4", "dstAddr"]
        }
      ]
    },
    {
      "name" : "calc_0",
      "id" : 1,
      "source_info" : {
        "filename" : "/home/apoorv/p4rl_tarantula/RL_for_P4/P4/p4xos-public/p4-16/p4src/leader.p4",
        "line" : 146,
        "column" : 8,
        "source_fragment" : "verify_checksum(false,{hdr.ipv4.version, ..."
      },
      "algo" : "csum16",
      "input" : [
        {
          "type" : "field",
          "value" : ["ipv4", "version"]
        },
        {
          "type" : "field",
          "value" : ["ipv4", "ihl"]
        },
        {
          "type" : "field",
          "value" : ["ipv4", "diffserv"]
        },
        {
          "type" : "field",
          "value" : ["ipv4", "totalLen"]
        },
        {
          "type" : "field",
          "value" : ["ipv4", "identification"]
        },
        {
          "type" : "field",
          "value" : ["ipv4", "flags"]
        },
        {
          "type" : "field",
          "value" : ["ipv4", "fragOffset"]
        },
        {
          "type" : "field",
          "value" : ["ipv4", "ttl"]
        },
        {
          "type" : "field",
          "value" : ["ipv4", "protocol"]
        },
        {
          "type" : "field",
          "value" : ["ipv4", "srcAddr"]
        },
        {
          "type" : "field",
          "value" : ["ipv4", "dstAddr"]
        }
      ]
    }
  ],
  "learn_lists" : [],
  "actions" : [
    {
      "name" : "ingress._drop",
      "id" : 0,
      "runtime_data" : [],
      "primitives" : [
        {
          "op" : "drop",
          "parameters" : [],
          "source_info" : {
            "filename" : "/home/apoorv/p4rl_tarantula/RL_for_P4/P4/p4xos-public/p4-16/p4src/leader.p4",
            "line" : 187,
            "column" : 8,
            "source_fragment" : "mark_to_drop()"
          }
        }
      ]
    },
    {
      "name" : "ingress.increase_instance",
      "id" : 1,
      "runtime_data" : [],
      "primitives" : [
        {
          "op" : "assign",
          "parameters" : [
            {
              "type" : "field",
              "value" : ["scalars", "metadata._paxos_metadata_set_drop1"]
            },
            {
              "type" : "hexstr",
              "value" : "0x00"
            }
          ],
          "source_info" : {
            "filename" : "/home/apoorv/p4rl_tarantula/RL_for_P4/P4/p4xos-public/p4-16/p4src/leader.p4",
            "line" : 194,
            "column" : 8,
            "source_fragment" : "meta.paxos_metadata.set_drop = 0"
          }
        }
      ]
    },
    {
      "name" : "ingress.forward",
      "id" : 2,
      "runtime_data" : [
        {
          "name" : "port",
          "bitwidth" : 9
        },
        {
          "name" : "acceptorPort",
          "bitwidth" : 16
        }
      ],
      "primitives" : [
        {
          "op" : "assign",
          "parameters" : [
            {
              "type" : "field",
              "value" : ["standard_metadata", "egress_spec"]
            },
            {
              "type" : "runtime_data",
              "value" : 0
            }
          ],
          "source_info" : {
            "filename" : "/home/apoorv/p4rl_tarantula/RL_for_P4/P4/p4xos-public/p4-16/p4src/leader.p4",
            "line" : 217,
            "column" : 8,
            "source_fragment" : "standard_metadata.egress_spec = port"
          }
        },
        {
          "op" : "assign",
          "parameters" : [
            {
              "type" : "field",
              "value" : ["udp", "dstPort"]
            },
            {
              "type" : "runtime_data",
              "value" : 1
            }
          ],
          "source_info" : {
            "filename" : "/home/apoorv/p4rl_tarantula/RL_for_P4/P4/p4xos-public/p4-16/p4src/leader.p4",
            "line" : 218,
            "column" : 8,
            "source_fragment" : "hdr.udp.dstPort = acceptorPort"
          }
        }
      ]
    },
    {
      "name" : "act",
      "id" : 3,
      "runtime_data" : [],
      "primitives" : [
        {
          "op" : "drop",
          "parameters" : [],
          "source_info" : {
            "filename" : "/home/apoorv/p4rl_tarantula/RL_for_P4/P4/p4xos-public/p4-16/p4src/leader.p4",
            "line" : 240,
            "column" : 12,
            "source_fragment" : "mark_to_drop()"
          }
        }
      ]
    }
  ],
  "pipelines" : [
    {
      "name" : "ingress",
      "id" : 0,
      "source_info" : {
        "filename" : "/home/apoorv/p4rl_tarantula/RL_for_P4/P4/p4xos-public/p4-16/p4src/leader.p4",
        "line" : 183,
        "column" : 8,
        "source_fragment" : "ingress"
      },
      "init_table" : "node_2",
      "tables" : [
        {
          "name" : "tbl_increase_instance",
          "id" : 0,
          "key" : [],
          "match_type" : "exact",
          "type" : "simple",
          "max_size" : 1024,
          "with_counters" : false,
          "support_timeout" : false,
          "direct_meters" : null,
          "action_ids" : [1],
          "actions" : ["ingress.increase_instance"],
          "base_default_next" : "ingress.transport_tbl",
          "next_tables" : {
            "ingress.increase_instance" : "ingress.transport_tbl"
          },
          "default_entry" : {
            "action_id" : 1,
            "action_const" : true,
            "action_data" : [],
            "action_entry_const" : true
          }
        },
        {
          "name" : "ingress.transport_tbl",
          "id" : 1,
          "source_info" : {
            "filename" : "/home/apoorv/p4rl_tarantula/RL_for_P4/P4/p4xos-public/p4-16/p4src/leader.p4",
            "line" : 221,
            "column" : 10,
            "source_fragment" : "transport_tbl"
          },
          "key" : [
            {
              "match_type" : "exact",
              "name" : "meta.paxos_metadata.set_drop",
              "target" : ["scalars", "metadata._paxos_metadata_set_drop1"],
              "mask" : null
            }
          ],
          "match_type" : "exact",
          "type" : "simple",
          "max_size" : 2,
          "with_counters" : false,
          "support_timeout" : false,
          "direct_meters" : null,
          "action_ids" : [0, 2],
          "actions" : ["ingress._drop", "ingress.forward"],
          "base_default_next" : null,
          "next_tables" : {
            "ingress._drop" : null,
            "ingress.forward" : null
          },
          "default_entry" : {
            "action_id" : 0,
            "action_const" : false,
            "action_data" : [],
            "action_entry_const" : false
          }
        },
        {
          "name" : "tbl_act",
          "id" : 2,
          "key" : [],
          "match_type" : "exact",
          "type" : "simple",
          "max_size" : 1024,
          "with_counters" : false,
          "support_timeout" : false,
          "direct_meters" : null,
          "action_ids" : [3],
          "actions" : ["act"],
          "base_default_next" : null,
          "next_tables" : {
            "act" : null
          },
          "default_entry" : {
            "action_id" : 3,
            "action_const" : true,
            "action_data" : [],
            "action_entry_const" : true
          }
        }
      ],
      "action_profiles" : [],
      "conditionals" : [
        {
          "name" : "node_2",
          "id" : 0,
          "source_info" : {
            "filename" : "/home/apoorv/p4rl_tarantula/RL_for_P4/P4/p4xos-public/p4-16/p4src/leader.p4",
            "line" : 232,
            "column" : 12,
            "source_fragment" : "hdr.ipv4.isValid()"
          },
          "expression" : {
            "type" : "expression",
            "value" : {
              "op" : "d2b",
              "left" : null,
              "right" : {
                "type" : "field",
                "value" : ["ipv4", "$valid$"]
              }
            }
          },
          "true_next" : "tbl_increase_instance",
          "false_next" : "tbl_act"
        }
      ]
    },
    {
      "name" : "egress",
      "id" : 1,
      "source_info" : {
        "filename" : "/home/apoorv/p4rl_tarantula/RL_for_P4/P4/p4xos-public/p4-16/p4src/leader.p4",
        "line" : 246,
        "column" : 8,
        "source_fragment" : "egress"
      },
      "init_table" : null,
      "tables" : [],
      "action_profiles" : [],
      "conditionals" : []
    }
  ],
  "checksums" : [
    {
      "name" : "cksum",
      "id" : 0,
      "source_info" : {
        "filename" : "/home/apoorv/p4rl_tarantula/RL_for_P4/P4/p4xos-public/p4-16/p4src/leader.p4",
        "line" : 163,
        "column" : 8,
        "source_fragment" : "update_checksum(true, ..."
      },
      "target" : ["ipv4", "hdrChecksum"],
      "type" : "generic",
      "calculation" : "calc",
      "verify" : false,
      "update" : true,
      "if_cond" : {
        "type" : "bool",
        "value" : true
      }
    },
    {
      "name" : "cksum_0",
      "id" : 1,
      "source_info" : {
        "filename" : "/home/apoorv/p4rl_tarantula/RL_for_P4/P4/p4xos-public/p4-16/p4src/leader.p4",
        "line" : 146,
        "column" : 8,
        "source_fragment" : "verify_checksum(false,{hdr.ipv4.version, ..."
      },
      "target" : ["ipv4", "hdrChecksum"],
      "type" : "generic",
      "calculation" : "calc_0",
      "verify" : true,
      "update" : false,
      "if_cond" : {
        "type" : "bool",
        "value" : false
      }
    }
  ],
  "force_arith" : [],
  "extern_instances" : [],
  "field_aliases" : [
    [
      "queueing_metadata.enq_timestamp",
      ["standard_metadata", "enq_timestamp"]
    ],
    [
      "queueing_metadata.enq_qdepth",
      ["standard_metadata", "enq_qdepth"]
    ],
    [
      "queueing_metadata.deq_timedelta",
      ["standard_metadata", "deq_timedelta"]
    ],
    [
      "queueing_metadata.deq_qdepth",
      ["standard_metadata", "deq_qdepth"]
    ],
    [
      "intrinsic_metadata.ingress_global_timestamp",
      ["standard_metadata", "ingress_global_timestamp"]
    ],
    [
      "intrinsic_metadata.egress_global_timestamp",
      ["standard_metadata", "egress_global_timestamp"]
    ],
    [
      "intrinsic_metadata.lf_field_list",
      ["standard_metadata", "lf_field_list"]
    ],
    [
      "intrinsic_metadata.mcast_grp",
      ["standard_metadata", "mcast_grp"]
    ],
    [
      "intrinsic_metadata.resubmit_flag",
      ["standard_metadata", "resubmit_flag"]
    ],
    [
      "intrinsic_metadata.egress_rid",
      ["standard_metadata", "egress_rid"]
    ],
    [
      "intrinsic_metadata.recirculate_flag",
      ["standard_metadata", "recirculate_flag"]
    ]
  ],
  "program" : "/home/apoorv/p4rl_tarantula/RL_for_P4/P4/p4xos-public/p4-16/p4src/leader.p4",
  "__meta__" : {
    "version" : [2, 18],
    "compiler" : "https://github.com/p4lang/p4c"
  }
}